"rank","schoolcode","cutoff_average","cutoff_sd"
1,30905,248.215234637349,32.2177860433442
2,30902,242.349016665178,25.606287690605
3,30902,240.081098524965,24.1697582389411
4,30903,238.262269755806,23.2866811961041
5,30403,240.836699920488,25.7996018542254
6,30801,240.762091771492,26.2013136509636
