"rank","schoolcode","quality_average","quality_sd"
1,30905,312.752316456043,60.299763550142
2,30902,307.023557142289,59.0286011311733
3,30902,302.429312214664,57.5824484487633
4,30903,298.176267753005,56.3524434250382
5,30403,302.488484986478,59.3536351353112
6,30801,300.380684047,58.985924352141
