"rank","schoolcode","distance_average","distance_sd"
1,30905,102.349245843174,77.409851922726
2,30902,98.836838778579,76.3856111820374
3,30902,95.7683280454432,75.2695967035955
4,30903,91.6812980250498,73.4197225813443
5,30403,86.2033299490061,68.923346416002
6,30801,84.2569317129982,68.1009497646229
